species,sepal_length,sepal_width,petal_length,petal_width,petal_area
setosa,5.006,3.428,1.462,0.24600000000000002,0.36560000000000004
versicolor,5.936,2.77,4.26,1.3259999999999998,5.7204
virginica,6.587999999999999,2.9739999999999998,5.5520000000000005,2.026,11.296199999999999
